index,Name,Rating_Volume,Rating,Genre,Description
0,Fresh Air,10188,4.46133,Arts,"Fresh Air from WHYY, the Peabody Award-winning weekday magazine of contemporary arts and issues, is one of public radio's most popular programs. Hosted by Terry Gross, the show features intimate conversations with today's biggest luminaries."
0,The Moth,10154,4.69982,Performing,"Since its launch in 1997, The Moth has presented thousands of true stories, told live and without notes, to standing-room-only crowds worldwide. Moth storytellers stand alone, under a spotlight, with only a microphone and a roomful of strangers. The storyteller and the audience embark on a high-wire act of shared experience which is both terrifying and exhilarating. Since 2008, The Moth podcast has featured many of our favorite stories told live on Moth stages around the country. For information on all of our programs and live events, visit themoth.org."
0,99% Invisible,12303,4.8693,Design,"Design is everywhere in our lives, perhaps most importantly in the places where we've just stopped noticing. 99% Invisible is a weekly exploration of the process and power of design and architecture. From award winning producer Roman Mars. Learn more at 99percentinvisible.org.
A proud member of Radiotopia, from PRX. Learn more at radiotopia.fm."
0,iFanboy.com Comic Book Podcast,1335,4.79551,Visual,"The iFanboy.com Comic Book Podcast is a weekly talk show discussing the best in current comic books. Ron, Conor and Josh will share what they loved and hated about the week's comics. With a deep, sometimes scary knowledge of the depths and intricacies of pop culture and the geek lifestyle, the conversations can spin off in many directions. While comics, graphic novels and trade paperbacks are the center of the iFanboy universe, the discussion often covers the video games, movies and TV shows which will capture the fancy of your regular comic book reader. Fun, intelligent, witty and entertaining, the iFanboy crew are just as likely to agree as argue about what's good and what's bad in superhero comics, indie comics, humorous comics, and important graphic novels as well as the creators, writers and artists behind them.  We've even occasionally been in the same room as guys like Brian Michael Bendis, Darwyn Cooke, Kurt Busiek, Warren Ellis, Jim Lee, Joe Quesada, Steve Dillon, Kevin Smith, Stan Lee and others.  It was a big room, but we were in it. This podcast is so good, you don't even need to read comic books to enjoy it, but it's a lot better if you do."
0,Myths and Legends,11128,4.88282,Literature,"Jason Weiser tells stories from myths, legends, and folklore that have shaped cultures throughout history. Some, like the stories of Aladdin, King Arthur, and Hercules are stories you think you know, but with surprising origins. Others are stories you might not have heard, but really should. All the stories are sourced from world folklore, but retold for modern ears.

These are stories of wizards, knights, Vikings, dragons, princesses, and kings from the time when the world beyond the map was a dangerous and wonderful place."
0,Snap Judgment,5040,4.73492,Performing,"Snap Judgment (Storytelling, with a BEAT) mixes real stories with killer beats to produce cinematic, dramatic, kick-ass radio. Snap‚Äôs raw, musical brand of storytelling dares listeners to see the world through the eyes of another. 
WNYC Studios is a listener-supported producer of leading podcasts including Radiolab, On the Media, Nancy, Here‚Äôs the Thing with Alec Baldwin, and many others.
¬© WNYC Studios"
0,11 O'Clock Comics Podcast,514,4.80739,Visual,"VinceB, David Price, and Jason Wood talk comic books and stuff."
0,Raging Bullets,112,4.55356,Visual,"Raging Bullets is a podcast reviewing everything related to DC Comics.  Each episode we take a look at something past, something current and even touch on some things outside the DC Universe in our comic book review segments.  We will even have some special episodes highlighting movies, animation, television and any other media relating to DC. We welcome emails and audio comments from our listeners. Please send them to ragingbullets@gmail.com and check out our website at ragingbullets.com. We hope you enjoy the show as much as we enjoy creating it."
0,The New Yorker: Fiction,1039,4.48412,Literature,A monthly reading and conversation with the New Yorker fiction editor Deborah Treisman.
0,The Black Tapes,8711,4.47733,Performing,"The Black Tapes is a weekly podcast from the creators of Pacific Northwest Stories, and is hosted by Alex Reagan. The Black Tapes Podcast is a serialized docudrama about one journalist's search for truth, her subject's mysterious past, and the literal and figurative ghosts that haunt them both. Do you believe?"
0,Selected Shorts,1269,4.50276,Performing,Spellbinding short stories by established and emerging writers take on a new life when they are performed by stars of the stage and screen.
0,Comic Geek Speak Podcast - The Best Comic Book Podcast,399,4.38596,Visual,"Comic Geek Speak is the best podcast about comic books for fans and new readers alike. Put together by a group of life-long comic geeks, it's 4-5 hours a week of comic book history, current comic news, and a general look at the industry. In addition to all the latest in comics talk, the show also features creator interviews, listener responses, contests, and trivia, lots of trivia. So listen in and experience all the joys of a Wednesday afternoon at the comic shop, from the comfort of your own headphones."
0,RISK!,3245,4.69583,Performing,"If you like The Moth, This American Life or Snap Judgment, take a walk on the wilder side with RISK! Your colorful host Kevin Allison (of the legendary comedy group The State) helms this surprisingly uncensored show where people tell jaw-dropping true stories they never thought they'd dare to share in public. RISK! is hilarious, heart-wrenching and remarkably real. Think you've heard it all? Fasten your seatbelt."
0,Homecoming,3498,4.57775,Performing,"The first scripted series from Gimlet Media, starring Catherine Keener, Oscar Isaac, David Schwimmer, David Cross, Amy Sedaris, Michael Cera, Mercedes Ruehl, Alia Shawkat, Chris Gethard, and Spike Jonze. Homecoming centers on a caseworker at an experimental facility, her ambitious supervisor, and a soldier eager to rejoin civilian life ‚Äî presented in an enigmatic collage of telephone calls, therapy sessions, and overheard conversations."
0,The NoSleep Podcast,5116,4.77853,Literature,"The NoSleep Podcast is a multi-award winning anthology series of original horror stories, with rich atmospheric music to enhance the frightening tales."
0,The Comic Conspiracy,240,4.59166,Visual,"Marvel rules! DC rules! Or maybe they don't, depending on the week! From the producers of The Geekbox comes The Comic Conspiracy, a weekly podcast about all things good (and bad) in the four-color world of comics, hosted by Ryan Higgins, Brock Sager, Toby Sidler, and Charlie West. New episode every Tuesday night!"
0,Limetown,3495,4.57139,Performing,"Ten years ago, over three hundred men, women and children disappeared from a small town in Tennessee, never to be heard from again.

In this podcast, American Public Radio reporter Lia Haddock asks the question once more,  ""What happened to the people of Limetown?""

www.limetown.com"
0,Power Hour Podcast,44,3.06818,Arts,"Dr. Conaway, presenting her unique perspective on what it takes to be healthy in a world filled with the conventional medical and Big Pharma approach to wellness. She and her guests share an all-natural approach to health and wellness, not the sickness-care approach so prevalent in today's health care industry. ""Prevention"" and ""Early Detection"" are not the same. Dr. Conaway's approach is truly prevention, sharing her experience working with hundreds helping them to understand what it takes to be healthy in our very unhealthy world."
0,The Book Review,692,4.13295,Literature,"The world's top authors and critics join host Pamela Paul and editors at The New York Times Book Review to talk about the week's top books, what we're reading and what's going on in the literary world."
0,The Splendid Table,896,4.50893,Food,"American Public Media's The Splendid Table is public radio's culinary, culture, and lifestyle program that celebrates food and its ability to touch the lives and feed the souls of everyone. Each week, award-winning host Francis Lam leads listeners on a journey of the senses and hosts discussions with a variety of writers and personalities who share their passion for the culinary delights. Updated every Friday."
0,Alice Isn't Dead,2821,4.6448,Performing,"A truck driver searches across America for the wife she had long assumed was dead. In the course of her search, she will encounter not-quite-human serial murderers, towns literally lost in time, and a conspiracy that goes way beyond one missing woman."
0,MuggleCast: the Harry Potter podcast,2263,4.6814,Literature,"MuggleCast is the most-listened to Harry Potter podcast (http://www.mugglecast.com) online, and the only one to release on a regular and timely schedule. Pioneering the Harry Potter podcast phenomenon in August 2005, MuggleCast has continued to bring its listeners the most entertaining and thought-provoking discussions. With each new episode we discuss everything Harry Potter: the latest news, the Potter books, Fantastic Beasts, The Cursed Child, and more!"
0,Binge Mode: Harry Potter,4554,4.8129,Literature,"Jump on your broom and join The Ringer‚Äôs Mallory Rubin and Jason Concepcion as they take their signature deep dive into 'Harry Potter,' covering all the books and movies as well as the extended 'Potter' universe."
0,LifeAfter/The Message,2173,4.2485,Performing,"From GE Podcast Theater and Panoply, the producers of The Message, comes a new thriller, LifeAfter. The 10 episode series follows Ross, a low level employee at the FBI, who spends his days conversing online with his wife Charlie ‚Äì who died eight months ago. But the technology behind this digital resurrection leads Ross down a dangerous path that threatens his job, his own life, and maybe even the world. New episodes every Sunday."
0,KEXP Presents Music That Matters,209,4.78469,Arts,"Straight from the knowledgeable KEXP DJs to your ears, now you can listen to a wonderfully eclectic mix of full length songs. KEXP brings you the music that matters from some of its favorite artists from the Pacific Northwest and around the world. See what KEXP's all about at KEXP.ORG. 286548"
0,TANIS,5457,4.62378,Performing,"Tanis is a bi-weekly podcast from the creators of Pacific Northwest Stories, and is hosted by Nic Silver. Tanis is a serialized docudrama about a fascinating and surprising mystery: the myth of Tanis. Tanis is an exploration of the nature of truth, conspiracy, and information. Tanis is what happens when the lines of science and fiction start to blur..."
0,Mystery Show,3873,4.50865,Arts,"A new podcast about mysteries, hosted by Starlee Kine. From Gimlet."
0,"Sips, Suds, & Smokes",650,4.91538,Food,"Everything that is good in life is worth discussing. Lots of wine, whiskey, beer, and cigar talkin with a couple of good ol' boys."
0,The Sporkful,1388,4.63256,Food,"We obsess about food to learn more about people. The Sporkful isn't for foodies, it's for eaters. Hosted by Dan Pashman¬†of Cooking Channel's You're Eating It Wrong and the book Eat More Better. A Stitcher Production."